surface_id,bulk_id,crack_e_ads_o,gemnet_e_ads_o,crack_e_ads_oh,gemnet_e_ads_oh,gemnet_U_limiting,gemnet_eta_ORR,gemnet_limiting_step
mp-10046_001,mp-10046,1.3990683593749995,1.7730917968749995,0.5345766601562492,0.9043886718749992,0.8156113281250006,0.4143886718749994,1
mp-1007652_100,mp-1007652,1.3607230224609372,1.3993048706054685,0.6505587158203117,0.8451387939453117,0.5541660766601568,0.6758339233398432,3
mp-1009130_111,mp-1009130,1.9803671875,1.9861044921875,0.8332827148437492,1.1493227539062492,0.5706772460937506,0.6593227539062494,1
mp-1009152_111,mp-1009152,2.0007224121093747,2.0275778808593747,0.8578493652343742,1.1685793457031242,0.5514206542968756,0.6785793457031244,1
mp-1009641_001,mp-1009641,2.016973022460937,1.8694510498046872,1.0504305419921869,0.8316958007812492,0.8316958007812492,0.3983041992187508,4
mp-1011695_111,mp-1011695,2.084027770996093,1.966092590332031,0.8452150878906242,0.7186281738281242,0.7186281738281242,0.5113718261718758,4
mp-1014204_010,mp-1014204,1.9294943847656247,1.8398642578125,0.5396425781249992,0.6714785156249992,0.6714785156249992,0.5585214843750008,4
mp-1017554_100,mp-1017554,1.4830222167968747,1.8683371582031247,0.6448977050781242,0.7269289550781242,0.7269289550781242,0.5030710449218758,4
mp-1018020_101,mp-1018020,1.810399536132812,1.6934866943359372,1.1822207031249992,0.7228243408203117,0.7228243408203117,0.5071756591796883,4
mp-1021465_001,mp-1021465,2.431615356445312,1.8743338623046872,0.9339144287109368,0.8635256347656242,0.8564743652343756,0.3735256347656244,1
mp-10246_001,mp-10246,1.5369925537109372,1.4150595703124995,0.6343386230468742,0.8760836181640617,0.5389759521484379,0.6910240478515621,3
mp-1025159_10-1,mp-1025159,1.4567465820312495,1.4373374023437495,0.5846254882812492,0.5097353515624992,0.5097353515624992,0.7202646484375008,4
mp-1025258_101,mp-1025258,1.4442038574218747,1.3776145019531247,0.5016176757812492,0.6175539550781242,0.6175539550781242,0.6124460449218758,4
mp-1025294_100,mp-1025294,1.5300498046874995,1.6987814941406247,0.6150209960937492,0.8196871337890617,0.8196871337890617,0.4103128662109383,4
mp-1025306_001,mp-1025306,1.4442801513671872,1.7011771240234372,0.6710817871093742,0.6184237060546867,0.6184237060546867,0.6115762939453133,4
mp-1025318_11-1,mp-1025318,1.3863120117187495,1.8459982910156247,0.5655520019531242,0.5147402343749992,0.5147402343749992,0.7152597656250008,4
mp-1025324_001,mp-1025324,1.5820212402343747,1.8454947509765625,0.6165773925781242,0.5858309326171867,0.5858309326171867,0.6441690673828133,4
mp-1025329_001,mp-1025329,1.5578055419921872,1.84218359375,0.5889284667968742,0.6196444091796867,0.6196444091796867,0.6103555908203133,4
mp-1025348_001,mp-1025348,1.8347830810546872,2.431783203125,0.8484346923828117,0.8669283447265617,0.8530716552734381,0.3769283447265619,1
mp-1025366_001,mp-1025366,1.5938315429687495,1.7681479492187495,0.6750948486328117,0.5460207519531242,0.5460207519531242,0.6839792480468758,4
mp-1040453_010,mp-1040453,1.9815268554687495,1.5808920898437495,0.5567629394531242,1.0164187011718742,0.5644733886718754,0.6655266113281246,3
mp-10519_100,mp-10519,1.2897238769531247,1.4566245117187495,0.6498415527343742,0.5137026367187492,0.5137026367187492,0.7162973632812508,4
mp-1057086_110,mp-1057086,2.5616049804687497,2.3967490234375,0.8894350585937492,0.7983095703124992,0.7983095703124992,0.4316904296875008,4
mp-105_010,mp-105,1.4292655029296872,1.7212958374023437,0.8529131469726554,0.8065950927734367,0.8065950927734367,0.4234049072265633,4
mp-10621_10-1,mp-10621,2.199071411132812,1.6392569580078122,0.7105104980468742,0.8242189941406242,0.8150379638671881,0.4149620361328119,3
mp-10654_100,mp-10654,2.2828192749023435,1.8645224609375,1.178581481933593,0.8110277709960929,0.8110277709960929,0.41897222900390707,4
mp-1066078_100,mp-1066078,2.0294089355468747,2.0310416259765622,0.5896761474609367,0.6295931396484367,0.6295931396484367,0.6004068603515633,4
mp-1067758_001,mp-1067758,1.4561667480468747,1.364346984863281,0.8470385131835929,0.5974657592773429,0.5974657592773429,0.6325342407226571,4
mp-1068464_001,mp-1068464,1.9193625488281247,1.82167578125,0.9214174804687492,0.5770876464843742,0.5770876464843742,0.6529123535156258,4
mp-1068510_001,mp-1068510,2.0622763671875,1.4830527343749995,1.1727602539062492,0.8907778320312492,0.5922749023437504,0.6377250976562496,3
mp-1069706_011,mp-1069706,1.7482962646484372,1.6759238281249995,0.7498476562499992,0.6995852050781242,0.6995852050781242,0.5304147949218758,4
mp-1069771_011,mp-1069771,2.0259604492187497,1.6064047851562495,0.8635103759765617,0.6848146972656242,0.6848146972656242,0.5451853027343758,4
mp-1071078_110,mp-1071078,1.5957236328124995,1.8994650878906247,0.8621523437499992,1.1409304199218742,0.5790695800781256,0.6509304199218744,1
mp-1077354_001,mp-1077354,1.6967978515624995,1.5849814453124995,1.1622011718749992,0.5249941406249992,0.5249941406249992,0.7050058593750008,4
mp-1077383_110,mp-1077383,1.8028922119140625,1.5296988525390622,0.7895357666015617,0.8964998779296867,0.6331989746093756,0.5968010253906244,3
mp-1077811_010,mp-1077811,2.089238647460937,2.3473563232421872,0.5625917968749992,0.7116549072265617,0.7116549072265617,0.5183450927734383,4
mp-1078005_001,mp-1078005,2.0019736328125,1.8003439941406247,0.8532717285156242,0.7235415039062492,0.7235415039062492,0.5064584960937508,4
mp-1078049_101,mp-1078049,1.7613120117187495,1.8772025146484368,1.0978853759765617,1.0501864013671869,0.6698135986328131,0.5601864013671869,1
mp-1078079_001,mp-1078079,1.8361105957031247,2.03066015625,0.6826479492187492,0.9102480468749992,0.8097519531250006,0.4202480468749994,1
mp-1078168_101,mp-1078168,1.9813284912109368,1.8706870117187495,1.1792757568359369,0.8260805664062492,0.8260805664062492,0.4039194335937508,4
mp-1078313_001,mp-1078313,1.3757224121093747,1.4260764160156247,0.6932985839843742,0.6065371093749992,0.6065371093749992,0.6234628906250008,4
mp-1078387_111,mp-1078387,1.828267578125,1.3932700195312495,1.1116030273437492,0.6979067382812492,0.6953632812500004,0.5346367187499996,3
mp-1078696_100,mp-1078696,2.436063293457031,1.9579215087890625,0.9775927124023428,1.0564425048828117,0.6635574951171881,0.5664425048828119,1
mp-1078896_001,mp-1078896,2.5158591308593747,1.9841208496093747,0.9355166015624992,0.6289064941406242,0.6289064941406242,0.6010935058593758,4
mp-1078938_001,mp-1078938,1.6220603027343747,1.7742819824218747,0.7539980468749992,0.7307131347656242,0.7307131347656242,0.4992868652343758,4
mp-1079646_101,mp-1079646,2.1115927734375,1.9551901855468747,0.5280764160156242,0.9600374755859368,0.7599625244140631,0.4700374755859369,1
mp-1080459_001,mp-1080459,1.6522650756835937,1.540830139160156,0.6406023559570304,0.7770540771484367,0.7637760620117193,0.46622393798828066,3
mp-1080677_11-1,mp-1080677,1.7345709838867185,1.6246695556640622,0.6563341674804679,0.8053515014648429,0.8053515014648429,0.42464849853515707,4
mp-1091375_010,mp-1091375,2.1642661132812497,1.7933859863281247,0.8012239990234367,1.0992434082031242,0.6207565917968756,0.6092434082031244,1
mp-1094107_010,mp-1094107,2.3709921875,1.7267050781249995,0.8724367675781242,1.2089235839843742,0.5110764160156256,0.7189235839843744,1
mp-1094108_100,mp-1094108,2.4718527832031247,1.6963095703124995,0.9857790527343742,0.7408449707031242,0.7408449707031242,0.4891550292968758,4
mp-1095516_010,mp-1095516,1.8008170166015622,1.7861533203124995,0.7560732421874992,0.7648623046874992,0.7648623046874992,0.4651376953125008,4
mp-1095594_001,mp-1095594,2.120091918945312,1.9598746337890625,0.9114534912109368,0.9874422607421868,0.7325577392578131,0.4974422607421869,1
mp-1100809_011,mp-1100809,2.1415,2.5993247070312497,0.9697878417968742,1.0043642578124992,0.7156357421875006,0.5143642578124994,1
mp-1101145_10-1,mp-1101145,1.5561118164062495,1.7511191406249995,0.6868898925781242,0.5905458984374992,0.5905458984374992,0.6394541015625008,4
mp-1102023_001,mp-1102023,2.136373046875,2.2062583007812497,0.7271730957031242,1.0239565429687492,0.6960434570312506,0.5339565429687494,1
mp-1102324_100,mp-1102324,1.4254660644531247,1.8072409667968747,0.6770937499999992,0.8898928222656242,0.8301071777343756,0.3998928222656244,1
mp-1102382_001,mp-1102382,1.9130911865234368,2.354497436523437,0.9792940673828116,1.1599886474609369,0.5600113525390631,0.6699886474609369,1
mp-1103057_110,mp-1103057,1.4417624511718747,1.4775137939453122,0.7353518066406242,0.5834658203124992,0.5834658203124992,0.6465341796875008,4
mp-1103512_011,mp-1103512,2.3842673339843747,2.0643820800781247,1.1265871582031242,0.7701113281249992,0.7701113281249992,0.4598886718750008,4
mp-1103729_001,mp-1103729,1.6816000976562495,1.4897208251953122,1.1186678466796869,0.9326479492187492,0.5570728759765631,0.6729271240234369,3
mp-1105134_110,mp-1105134,1.4343466796874995,1.8835654296875,0.6904604492187492,0.7167666015624992,0.7167666015624992,0.5132333984375008,4
mp-1105715_001,mp-1105715,2.3362937011718747,2.0050559082031247,0.9579775390624992,0.6094362792968742,0.6094362792968742,0.6205637207031258,4
mp-1112173_100,mp-1112173,2.695195678710937,1.6980719604492185,0.6318361816406242,0.5846865234374992,0.5846865234374992,0.6453134765625008,4
mp-1112961_100,mp-1112961,2.671964172363281,3.0010123291015622,1.0162432250976554,1.2151186523437492,0.5048813476562506,0.7251186523437494,1
mp-1120779_101,mp-1120779,2.2500510253906247,2.0552878417968747,1.0692751464843742,1.0479738769531242,0.6720261230468756,0.5579738769531244,1
mp-11327_111,mp-11327,2.143208984375,1.6423468627929685,0.8276217041015617,0.8433153686523429,0.7990314941406256,0.4309685058593744,3
mp-1135_001,mp-1135,1.7251181640624995,1.4663291015624995,0.7180178222656242,0.6721499023437492,0.6721499023437492,0.5578500976562508,4
mp-1147769_101,mp-1147769,1.4516501464843747,1.6447653808593747,0.5696871337890617,0.7521669921874992,0.7521669921874992,0.4778330078125008,4
mp-11694_001,mp-11694,2.2018332519531247,1.99745703125,1.1439211425781242,1.2198793945312492,0.5001206054687506,0.7298793945312494,1
mp-11703_110,mp-11703,1.9618277587890625,1.5949454345703122,0.7934725341796867,0.9555208740234368,0.6394245605468755,0.5905754394531245,3
mp-1173043_100,mp-1173043,2.1033530273437497,1.4028525390624995,0.8251955566406242,0.8360903320312492,0.5667622070312504,0.6632377929687496,3
mp-1178952_100,mp-1178952,1.9341177978515625,1.824918273925781,1.172722106933593,0.8957445678710929,0.8242554321289068,0.40574456787109314,1
mp-1179336_001,mp-1179336,2.202291015625,1.6077399291992185,0.8776247558593742,0.9175188598632804,0.6902210693359381,0.5397789306640619,3
mp-1179605_011,mp-1179605,1.4496512451171872,1.5110068359374995,0.5932467041015617,0.5528566894531242,0.5528566894531242,0.6771433105468758,4
mp-1183137_111,mp-1183137,2.192655090332031,2.156980041503906,0.7226107177734367,0.6506807861328117,0.6506807861328117,0.5793192138671883,4
mp-1183166_110,mp-1183166,1.7937979736328122,1.7317862548828122,0.8251040039062492,0.6075747070312492,0.6075747070312492,0.6224252929687508,4
mp-1183167_110,mp-1183167,2.200337890625,2.2932639160156247,1.0120852050781242,1.0917208251953117,0.6282791748046881,0.6017208251953119,1
mp-1183205_001,mp-1183205,2.2487998046875,2.318608764648437,0.7722475585937492,0.8115084228515617,0.8115084228515617,0.4184915771484383,4
mp-1183206_100,mp-1183206,2.0496268310546872,2.1923422851562497,0.7122652587890617,0.8568117675781242,0.8568117675781242,0.3731882324218758,4
mp-1183214_111,mp-1183214,2.165181640625,2.0339713134765622,0.5178530273437492,0.5779268798828117,0.5779268798828117,0.6520731201171883,4
mp-1183222_001,mp-1183222,2.5123419799804685,2.485684875488281,0.8757479248046867,0.9401705322265616,0.7798294677734381,0.4501705322265619,1
mp-1183224_111,mp-1183224,2.0424094238281247,2.0489401855468747,0.9828646240234368,0.9316408691406242,0.7883591308593756,0.4416408691406244,1
mp-1183442_110,mp-1183442,1.7803854980468747,1.834203247070312,0.9484560546874992,0.6718905029296867,0.6718905029296867,0.5581094970703133,4
mp-1183633_110,mp-1183633,1.7341055908203122,2.1254019775390622,0.7348024902343742,0.7972414550781242,0.7972414550781242,0.4327585449218758,4
mp-1183640_110,mp-1183640,1.6976370849609372,1.8206687011718747,0.6447603759765617,0.7312777099609367,0.7312777099609367,0.4987222900390633,4
mp-1183655_111,mp-1183655,1.5309500732421872,1.6156821289062495,0.6461794433593742,0.6597292480468742,0.6597292480468742,0.5702707519531258,4
mp-1183955_110,mp-1183955,1.7659506835937495,1.6009726562499995,0.7941591796874992,0.7415163574218742,0.7415163574218742,0.4884836425781258,4
mp-1184018_111,mp-1184018,1.7550101318359372,2.0952811279296872,0.6700289306640617,0.9274752197265616,0.7925247802734381,0.4374752197265619,1
mp-1184658_111,mp-1184658,1.6087546386718747,1.7538962402343747,0.6557467041015617,0.9255373535156242,0.7944626464843756,0.4355373535156244,1
mp-1184870_110,mp-1184870,1.7000937499999995,1.7667136230468747,0.6293642578124992,0.6162874755859367,0.6162874755859367,0.6137125244140633,4
mp-1186928_111,mp-1186928,1.6452689208984372,1.6540732421874995,0.7743227539062492,0.6330416259765617,0.6330416259765617,0.5969583740234383,4
mp-1186930_001,mp-1186930,1.6201376953124995,1.7801718749999995,0.7932436523437492,0.8872072753906242,0.8327927246093756,0.3972072753906244,1
mp-11870_111,mp-11870,1.4401297607421872,1.6643271484374995,0.8472292480468742,0.5043795166015617,0.5043795166015617,0.7256204833984383,4
mp-1188089_001,mp-1188089,1.811421875,2.0752158203125,0.8580629882812492,0.5281069335937492,0.5281069335937492,0.7018930664062508,4
mp-1191223_001,mp-1191223,1.9170126953125,1.5965476074218747,0.7276308593749992,1.0334169921874992,0.5631306152343756,0.6668693847656244,3
mp-1191663_010,mp-1191663,1.9507193603515625,1.5808157958984372,0.9244997558593742,0.5826571044921867,0.5826571044921867,0.6473428955078133,4
mp-1193319_100,mp-1193319,2.12929296875,1.4478964843749995,0.6766893920898429,0.9296419677734368,0.5182545166015627,0.7117454833984372,3
mp-1194266_100,mp-1194266,1.913846496582031,1.4453787841796872,0.6221239624023429,0.9118807373046868,0.5334980468750005,0.6965019531249995,3
mp-1196396_100,mp-1196396,1.8855795898437495,1.3423972167968747,0.7083132324218742,0.7693789062499992,0.5730183105468756,0.6569816894531244,3
mp-1198114_001,mp-1198114,2.0136008300781247,1.9021811523437495,0.6958010253906242,0.8857729492187492,0.8342270507812506,0.3957729492187494,1
mp-1201774_001,mp-1201774,1.7321677246093747,1.7758231201171872,0.7998354492187492,1.1622774658203117,0.5577225341796881,0.6722774658203119,1
mp-1205335_001,mp-1205335,1.866879943847656,1.4849371948242185,0.6306231079101554,0.5691225585937492,0.5691225585937492,0.6608774414062508,4
mp-1206350_011,mp-1206350,1.5328879394531247,1.5792899169921872,0.5560610351562492,0.5447237548828117,0.5447237548828117,0.6852762451171883,4
mp-1207193_001,mp-1207193,1.3924155273437495,1.7949423828124995,0.7333910522460929,0.8490526733398429,0.8490526733398429,0.38094732666015707,4
mp-1208308_001,mp-1208308,1.9852194824218747,1.6715292968749995,1.2026064453124992,1.0964205322265617,0.5751087646484379,0.6548912353515621,3
mp-1209948_100,mp-1209948,1.8424887695312495,2.013890747070312,0.8472445068359367,1.1588289794921869,0.5611710205078131,0.6688289794921869,1
mp-1209_100,mp-1209,2.2390875854492185,2.2287497558593747,0.9102327880859368,1.1994783935546869,0.5205216064453131,0.7094783935546869,1
mp-1210215_001,mp-1210215,1.6530356445312495,1.6297812499999995,0.6824648437499992,0.6930849609374992,0.6930849609374992,0.5369150390625008,4
mp-1210229_010,mp-1210229,3.1271567382812497,3.3611960449218747,1.1211550292968742,1.0060732421874992,0.7139267578125006,0.5160732421874994,1
mp-1212167_001,mp-1212167,1.6023459472656247,2.268437866210937,0.8235170898437492,0.5921785888671867,0.5921785888671867,0.6378214111328133,4
mp-1214857_110,mp-1214857,3.177499298095703,2.8022780456542966,1.099437957763671,1.1566164550781242,0.5633835449218756,0.6666164550781244,1
mp-1215633_100,mp-1215633,2.224004272460937,1.8619742431640625,1.0093386230468742,1.1798098144531242,0.5401901855468756,0.6898098144531244,1
mp-1215804_010,mp-1215804,1.871800903320312,2.118016723632812,0.9365694580078116,0.5655520019531242,0.5655520019531242,0.6644479980468758,4
mp-1216184_001,mp-1216184,1.9096274414062495,2.546041015625,0.7086489257812492,0.9031679687499992,0.8168320312500006,0.4131679687499994,1
mp-1216296_001,mp-1216296,1.6541953124999995,2.3960776367187497,0.5061953124999992,1.1542055664062492,0.5657944335937506,0.6642055664062494,1
mp-1216498_01-1,mp-1216498,1.7327475585937495,1.804341796875,1.0988771972656242,1.1966860351562492,0.5233139648437506,0.7066860351562494,1
mp-1216612_101,mp-1216612,1.5219931640624995,1.4410605468749995,0.6961367187499992,0.7155153808593742,0.7155153808593742,0.5144846191406258,4
mp-1217163_001,mp-1217163,2.3322348632812497,2.1148581542968747,1.0299074707031242,0.7722170410156242,0.7722170410156242,0.4577829589843758,4
mp-1217186_001,mp-1217186,2.5021872558593747,2.0503745117187497,0.8073122558593742,0.9479372558593742,0.7720627441406256,0.4579372558593744,1
mp-1217263_001,mp-1217263,1.7500968017578122,2.079076293945312,0.9495546874999992,1.2081453857421869,0.5118546142578131,0.7181453857421869,1
mp-1217326_110,mp-1217326,1.8047080078125,1.9532980957031247,0.8368532714843742,0.8709414062499992,0.8490585937500006,0.3809414062499994,1
mp-1217383_001,mp-1217383,1.8989310302734368,1.8732810058593747,0.9688723144531242,0.9021608886718742,0.8178391113281256,0.4121608886718744,1
mp-1217942_011,mp-1217942,2.3764853515625,2.4492392578125,1.1979067382812492,1.0351870117187492,0.6848129882812506,0.5451870117187494,1
mp-1218835_001,mp-1218835,2.2082648315429685,1.7456259765624995,0.7730791625976554,1.0049746093749992,0.7150253906250006,0.5149746093749994,1
mp-1218951_001,mp-1218951,1.9860281982421872,1.7403311767578122,1.0088656005859369,1.0553133544921869,0.6646866455078131,0.5653133544921869,1
mp-1218954_110,mp-1218954,1.8950400390625,1.9519248046875,0.5211489257812492,0.7339479980468742,0.7339479980468742,0.4960520019531258,4
mp-1218960_001,mp-1218960,2.206174377441406,1.9661383666992185,0.9522173461914054,1.0323259887695304,0.6876740112304693,0.5423259887695306,1
mp-1218994_001,mp-1218994,2.0530600585937497,2.00722265625,1.1416933593749992,0.9772341308593742,0.7427658691406256,0.4872341308593744,1
mp-1218999_110,mp-1218999,1.5827231445312495,1.3615927734374995,0.6967470703124992,0.5890200195312492,0.5890200195312492,0.6409799804687508,4
mp-1219000_001,mp-1219000,1.893979553222656,1.6494650878906247,0.9785921630859368,1.0796053466796869,0.5698597412109379,0.6601402587890621,3
mp-1219003_001,mp-1219003,2.3261618652343747,1.7580618896484372,0.7567904052734367,1.0110781249999992,0.7089218750000006,0.5210781249999994,1
mp-1219015_110,mp-1219015,1.4725852050781247,1.4535880126953122,0.6824343261718742,0.6086123046874992,0.6086123046874992,0.6213876953125008,4
mp-1219442_100,mp-1219442,1.6206717529296872,2.2488303222656247,0.6504213867187492,0.9549868164062492,0.7650131835937506,0.4649868164062494,1
mp-1219457_001,mp-1219457,1.579068664550781,1.2454123535156247,0.5827715454101554,0.5551378784179679,0.5551378784179679,0.6748621215820321,4
mp-1219469_001,mp-1219469,1.8071188964843747,1.8425192871093747,0.7330019531249992,0.5828554687499992,0.5828554687499992,0.6471445312500008,4
mp-1219787_001,mp-1219787,2.010259155273437,1.7392172851562495,0.8486025390624992,1.0652315673828117,0.6547684326171881,0.5752315673828119,1
mp-1220035_001,mp-1220035,1.9626975097656247,1.9823203125,1.0538790283203117,0.9907991943359368,0.7292008056640631,0.5007991943359369,1
mp-1220057_001,mp-1220057,1.7413535156249995,1.7314047851562495,0.8564455566406242,1.0601961669921869,0.6598038330078131,0.5701961669921869,1
mp-1220085_001,mp-1220085,1.7892661132812495,1.8641257324218747,0.9907076416015616,1.0119631347656242,0.7080368652343756,0.5219631347656244,1
mp-1220141_001,mp-1220141,1.9713950195312495,2.0843405761718747,0.8417360839843742,1.0398867187499992,0.6801132812500006,0.5498867187499994,1
mp-1220401_001,mp-1220401,1.9292197265625,1.9436240234375,0.7677309570312492,0.7664492187499992,0.7664492187499992,0.4635507812500008,4
mp-1220635_001,mp-1220635,1.9561667480468747,1.891255859375,0.7353823242187492,0.7727358398437492,0.7727358398437492,0.4572641601562508,4
mp-1220678_001,mp-1220678,1.8546958007812495,1.9455466308593747,0.7429201660156242,0.8747561035156242,0.8452438964843756,0.3847561035156244,1
mp-1220914_011,mp-1220914,2.463765625,2.1475424804687497,1.0253603515624992,0.8586123046874992,0.8586123046874992,0.3713876953125008,4
mp-1221139_101,mp-1221139,2.0465445556640622,1.645841125488281,0.8588640747070304,1.1331331787109369,0.5127079467773441,0.7172920532226559,3
mp-1221420_010,mp-1221420,1.5613303222656247,1.7856345214843747,0.8673708496093742,1.0416567382812492,0.6783432617187506,0.5516567382812494,1
mp-1221429_001,mp-1221429,1.6172690429687495,2.0113120117187497,0.5032656249999992,0.8388979492187492,0.8388979492187492,0.3911020507812508,4
mp-1221499_001,mp-1221499,1.5792441406249995,1.8174033203125,0.5715029296874992,0.6611025390624992,0.6611025390624992,0.5688974609375008,4
mp-1221667_001,mp-1221667,1.7683310546874995,2.003903869628906,0.5979769287109367,0.5283587036132804,0.5283587036132804,0.7016412963867196,4
mp-1221776_001,mp-1221776,1.9384360351562495,1.8140463867187495,0.6987001953124992,0.9936220703124992,0.7263779296875006,0.5036220703124994,1
mp-1223673_001,mp-1223673,2.0655112304687497,1.8169455566406247,0.938316589355468,0.7098314819335929,0.7098314819335929,0.5201685180664071,4
mp-1223753_100,mp-1223753,2.830785278320312,2.1613669433593747,1.1658480224609369,0.9751589355468742,0.7448410644531256,0.4851589355468744,1
mp-1223971_101,mp-1223971,1.7745261230468747,1.7777152099609372,0.7908327636718742,0.8315126953124992,0.8315126953124992,0.3984873046875008,4
mp-1223986_11-1,mp-1223986,1.8893294372558591,1.7670035400390622,0.728679901123046,0.6573183593749992,0.6573183593749992,0.5726816406250008,4
mp-1224091_101,mp-1224091,1.7588324584960937,1.7534308471679685,0.9540941772460928,1.0049440917968742,0.7150559082031256,0.5149440917968744,1
mp-1224244_001,mp-1224244,2.3134970703125,1.9049887695312495,0.8144838867187492,0.7696230468749992,0.7696230468749992,0.4603769531250008,4
mp-1224376_001,mp-1224376,1.8448386230468747,1.4919486083984372,0.6355745849609367,0.8569338378906242,0.6350147705078131,0.5949852294921869,3
mp-1224378_001,mp-1224378,1.3063101806640622,2.2080206909179685,0.6403505859374992,0.8781206665039054,0.8418793334960943,0.38812066650390564,1
mp-1224795_001,mp-1224795,2.3497824707031247,2.107762817382812,0.7963335571289054,0.6218340454101554,0.6218340454101554,0.6081659545898446,4
mp-1224796_101,mp-1224796,1.8287253417968747,2.0218405761718747,0.7510073242187492,1.1162111816406242,0.6037888183593756,0.6262111816406244,1
mp-1224809_101,mp-1224809,1.7987113037109372,1.8739066162109368,0.5423586425781242,0.7895357666015617,0.7895357666015617,0.4404642333984383,4
mp-1224825_001,mp-1224825,2.0217490234375,2.1205496826171872,0.5025942382812492,0.9897921142578116,0.7302078857421881,0.4997921142578119,1
mp-1224840_101,mp-1224840,1.476682189941406,1.4877753295898437,0.5232775268554679,0.5171587524414054,0.5171587524414054,0.7128412475585946,4
mp-1224883_001,mp-1224883,1.6778769531249995,2.0630087890625,0.8874208984374992,1.1141665039062492,0.6058334960937506,0.6241665039062494,1
mp-1225676_001,mp-1225676,1.4501090087890622,1.2892966308593747,0.5758364257812492,0.7432100830078117,0.5460865478515631,0.6839134521484369,3
mp-1225701_001,mp-1225701,1.6124167480468747,1.7296805419921872,0.8722078857421867,1.1002199707031242,0.6197800292968756,0.6102199707031244,1
mp-1225786_001,mp-1225786,2.1052603759765622,2.3334403076171872,0.8672030029296867,1.1793673095703117,0.5406326904296881,0.6893673095703119,1
mp-1225832_001,mp-1225832,1.8784995117187495,1.8641867675781247,0.9106142578124992,1.1725161132812492,0.5474838867187506,0.6825161132812494,1
mp-1225993_110,mp-1225993,2.121312622070312,2.4092307128906247,0.8728182373046867,1.1515963134765617,0.5684036865234381,0.6615963134765619,1
mp-1225994_001,mp-1225994,2.108769897460937,2.139501098632812,1.0530397949218742,1.0578157958984369,0.6621842041015631,0.5678157958984369,1
mp-1226030_100,mp-1226030,1.6593527832031247,1.4603476562499995,0.7860109863281242,0.7542116699218742,0.7061359863281254,0.5238640136718746,3
mp-1226048_100,mp-1226048,1.8892111816406247,1.9667563476562495,1.0772097167968742,1.0307009277343742,0.6892990722656256,0.5407009277343744,1
mp-1226054_100,mp-1226054,2.1063132324218747,2.0093894042968747,0.9709780273437492,1.0192873535156242,0.7007126464843756,0.5292873535156244,1
mp-1226514_001,mp-1226514,2.201016906738281,2.5169119873046872,0.8557360229492179,1.0238497314453117,0.6961502685546881,0.5338497314453119,1
mp-1226837_001,mp-1226837,1.7385764160156247,1.6173911132812495,0.6026918945312492,0.8607485351562492,0.7566425781250004,0.47335742187499963,3
mp-1226957_001,mp-1226957,1.7089438476562495,1.7363486328124995,0.7526247558593742,0.6509554443359367,0.6509554443359367,0.5790445556640633,4
mp-1227206_110,mp-1227206,1.8607077636718747,1.8200583496093747,0.6668703613281242,0.7980654296874992,0.7980654296874992,0.4319345703125008,4
mp-1227285_110,mp-1227285,1.7643637695312495,1.6499533691406247,0.8734438476562492,0.6764528808593742,0.6764528808593742,0.5535471191406258,4
mp-1227290_001,mp-1227290,1.386441711425781,1.2103018798828122,0.8285143432617179,0.6963503417968742,0.5139515380859381,0.7160484619140619,3
mp-1227313_111,mp-1227313,1.6004538574218747,1.6342978515624995,0.7434999999999992,0.7127993164062492,0.7127993164062492,0.5172006835937508,4
mp-1227319_101,mp-1227319,1.2409110107421872,1.4896788635253904,0.6231005249023429,0.7498362121582023,0.7398426513671881,0.4901573486328119,3
mp-1227355_001,mp-1227355,1.4650168457031247,1.5133261718749995,0.8703844604492179,0.5866091308593742,0.5866091308593742,0.6433908691406258,4
mp-1227397_100,mp-1227397,2.1555991210937497,1.8058218994140625,0.7469790039062492,0.5920717773437492,0.5920717773437492,0.6379282226562508,4
mp-1227407_001,mp-1227407,1.8289389648437495,1.5182700195312495,1.1826784667968742,0.7174379882812492,0.7174379882812492,0.5125620117187508,4
mp-1227416_010,mp-1227416,1.2002768554687495,1.2359366455078122,0.5189211425781242,0.5057070312499992,0.5057070312499992,0.7242929687500008,4
mp-1227421_110,mp-1227421,1.6847128906249995,1.6046958007812495,0.7423403320312492,0.5623781738281242,0.5623781738281242,0.6676218261718758,4
mp-1227450_001,mp-1227450,1.6591086425781247,1.8329978027343747,0.7853701171874992,0.8290102539062492,0.8290102539062492,0.4009897460937508,4
mp-1227567_001,mp-1227567,2.184056762695312,1.7819113769531247,0.9411165771484368,1.0918123779296869,0.6281876220703131,0.6018123779296869,1
mp-1227656_001,mp-1227656,1.894132141113281,1.6841177978515622,1.0961382446289054,0.8802568969726554,0.8038609008789068,0.42613909912109316,3
mp-1228758_001,mp-1228758,1.7748312988281247,2.057271484375,0.8043215332031242,0.9224855957031242,0.7975144042968756,0.4324855957031244,1
mp-1228947_001,mp-1228947,2.438130859375,1.9221701660156247,0.7945864257812492,0.5764162597656242,0.5764162597656242,0.6535837402343758,4
mp-1229015_001,mp-1229015,2.5436301269531247,2.3835806884765622,0.7967531738281242,0.8699953613281242,0.8500046386718756,0.3799953613281244,1
mp-1229090_111,mp-1229090,2.1912131347656247,1.7436728515624995,0.9327242431640616,0.5528643188476554,0.5528643188476554,0.6771356811523446,4
mp-1229092_001,mp-1229092,2.3231101074218747,2.123258117675781,0.7836611328124992,0.6373980102539054,0.6373980102539054,0.5926019897460946,4
mp-1229100_111,mp-1229100,2.3738455810546872,2.402684692382812,1.2091372070312492,0.9458162841796868,0.7741837158203131,0.4558162841796869,1
mp-1229118_100,mp-1229118,1.7945303955078122,1.4471945800781247,0.5792696533203117,0.5102541503906242,0.5102541503906242,0.7197458496093758,4
mp-1229158_001,mp-1229158,1.6406302490234372,1.6839804687499995,0.8056490478515617,0.8401644287109367,0.8401644287109367,0.3898355712890633,4
mp-1229208_001,mp-1229208,2.0214438476562497,1.7679495849609372,0.9479677734374992,1.0553591308593742,0.6646408691406256,0.5653591308593744,1
mp-1232317_001,mp-1232317,2.3201193847656247,1.8891806640625,0.7706606445312492,1.1516420898437492,0.5683579101562506,0.6616420898437494,1
mp-12359_001,mp-12359,1.6169638671874995,1.6890616455078122,1.0333025512695304,1.0548174438476554,0.6342442016601568,0.5957557983398432,3
mp-1238855_100,mp-1238855,1.4043784179687495,1.3917746582031247,0.6169436035156242,0.7437136230468742,0.6480610351562506,0.5819389648437494,3
mp-1245848_001,mp-1245848,2.2222800292968747,1.9565787353515625,0.7227785644531242,1.0623629150390617,0.6576370849609381,0.5723629150390619,1
mp-1245927_001,mp-1245927,1.3379721679687495,1.5696616210937495,0.6880190429687492,0.9876406249999992,0.5820209960937504,0.6479790039062496,3
mp-12463_001,mp-12463,2.0712790527343747,2.1802268066406247,0.9795839843749992,1.1180422363281242,0.6019577636718756,0.6280422363281244,1
mp-1246567_010,mp-1246567,2.5485739746093747,2.1701254882812497,0.5910341796874992,0.5970461425781242,0.5970461425781242,0.6329538574218758,4
mp-12465_001,mp-12465,2.2748923339843747,2.0545249023437497,1.1163942871093742,0.8598940429687492,0.8598940429687492,0.3701059570312508,4
mp-1247422_10-1,mp-1247422,1.9374289550781247,2.0320029296875,0.5783999023437492,1.1855166015624992,0.5344833984375006,0.6955166015624994,1
mp-124_111,mp-124,2.3238463439941404,2.0483641662597654,0.7876970825195304,0.6689837036132804,0.6689837036132804,0.5610162963867196,4
mp-1257684_001,mp-1257684,1.8791098632812495,2.0876059570312497,0.9071352539062492,1.0774233398437492,0.6425766601562506,0.5874233398437494,1
mp-1264_111,mp-1264,1.799039367675781,2.093808654785156,0.8199999389648429,1.0240175781249992,0.6959824218750006,0.5340175781249994,1
mp-1266_111,mp-1266,2.1544547119140622,1.8068442382812495,0.9764254150390616,1.084373718261718,0.6356262817382818,0.5943737182617181,1
mp-12910_010,mp-12910,2.0824484863281247,1.9206442871093747,0.6898806152343742,0.8636782226562492,0.8563217773437506,0.3736782226562494,1
mp-1297_100,mp-1297,1.7220816650390622,1.5399832763671872,0.6044771728515617,0.5998232421874992,0.5998232421874992,0.6301767578125008,4
mp-1340_010,mp-1340,1.8123068847656247,1.8634543457031247,0.6871035156249992,0.5521242675781242,0.5521242675781242,0.6778757324218758,4
mp-13740_101,mp-13740,1.7825369873046872,1.7140402832031247,0.7422182617187492,1.0219729003906242,0.6920673828125006,0.5379326171874994,3
mp-1379_010,mp-1379,1.9472556152343747,1.5762686767578122,0.5036776123046867,1.0152895507812492,0.5609791259765631,0.6690208740234369,3
mp-1404_001,mp-1404,1.5784506835937495,2.0119452514648435,0.6208727416992179,0.8166124877929679,0.8166124877929679,0.41338751220703207,4
mp-1407_101,mp-1407,1.4500937499999995,1.7085776367187495,0.6405947265624992,0.6833498535156242,0.6833498535156242,0.5466501464843758,4
mp-14090_111,mp-14090,1.5530447998046872,1.9805960693359368,0.9579927978515616,0.6682360229492179,0.6682360229492179,0.5617639770507821,4
mp-14338_001,mp-14338,2.0758566894531247,2.0595297851562497,0.9558107910156242,1.1677248535156242,0.5522751464843756,0.6777248535156244,1
mp-15120_010,mp-15120,1.2869315185546872,1.6154227294921872,0.5146791992187492,0.5961763916015617,0.5961763916015617,0.6338236083984383,4
mp-15571_110,mp-15571,2.1210227050781247,1.8401999511718747,0.9173662719726554,1.005974060058593,0.7140259399414068,0.5159740600585931,1
mp-15777_101,mp-15777,1.7817587890624995,1.6974082031249995,0.8454592285156242,1.0655977783203117,0.6318104248046879,0.5981895751953121,3
mp-15895_110,mp-15895,1.6541342773437495,2.1555991210937497,0.6481325683593742,0.8623659667968742,0.8576340332031256,0.3723659667968744,1
mp-16236_001,mp-16236,1.995145324707031,1.944852355957031,0.6440813598632804,0.6725924072265617,0.6725924072265617,0.5574075927734383,4
mp-1662_101,mp-1662,1.8770804443359368,1.8283591308593747,0.8498842773437492,0.8598024902343742,0.8598024902343742,0.3701975097656258,4
mp-1747_111,mp-1747,2.3043112792968747,1.6699271240234372,1.1189882812499992,1.002922302246093,0.6670048217773443,0.5629951782226557,3
mp-17948_11-1,mp-17948,2.0879111328125,1.8790335693359368,0.9750063476562492,0.5299990234374992,0.5299990234374992,0.7000009765625008,4
mp-18163_100,mp-18163,2.0095572509765622,1.8711142578125,0.8973696289062492,0.8792116699218742,0.8407883300781256,0.3892116699218744,1
mp-1825_001,mp-1825,1.3702902832031247,1.5342459716796872,0.5876467285156242,0.5458681640624992,0.5458681640624992,0.6841318359375008,4
mp-18305_001,mp-18305,1.854794982910156,1.7232871093749995,0.6193239746093742,1.168541198730468,0.5514588012695318,0.6785411987304681,1
mp-18594_100,mp-18594,2.1293845214843747,1.517362121582031,0.6215899047851554,0.9038698730468742,0.6134922485351568,0.6165077514648432,3
mp-1883_100,mp-1883,1.7833685913085937,1.7486701049804685,0.5750811157226554,0.6306536254882804,0.6306536254882804,0.5993463745117196,4
mp-19747_001,mp-19747,1.4128623046874995,1.3391623535156247,0.5418703613281242,0.8268129882812492,0.5123493652343756,0.7176506347656244,3
mp-19833_110,mp-19833,2.0948843994140622,2.1227316894531247,0.5693666992187492,0.9074709472656242,0.8125290527343756,0.4174709472656244,1
mp-19871_111,mp-19871,2.101811889648437,2.1108908691406247,0.9176943359374992,0.5300600585937492,0.5300600585937492,0.6999399414062508,4
mp-19_110,mp-19,2.0263266601562497,1.7848105468749995,1.0356600341796869,1.0153811035156242,0.7046188964843756,0.5253811035156244,1
mp-20123_100,mp-20123,2.176000122070312,1.9000754394531247,1.1156923828124992,1.1151278076171869,0.6048721923828131,0.6251278076171869,1
mp-20289_110,mp-20289,2.0802359619140622,1.3150382080078122,0.8551180419921867,0.5857241210937492,0.5857241210937492,0.6442758789062508,4
mp-203_100,mp-203,1.353208068847656,1.8477683105468747,0.6087420043945304,0.5523378906249992,0.5523378906249992,0.6776621093750008,4
mp-20554_110,mp-20554,2.096578125,2.189214233398437,0.6083986816406242,0.8782503662109367,0.8417496337890631,0.3882503662109369,1
mp-20683_001,mp-20683,2.1196494140625,2.0712790527343747,1.0432741699218742,0.8115847167968742,0.8115847167968742,0.4184152832031258,4
mp-20731_101,mp-20731,2.1157126464843747,2.0210318603515622,0.9953615722656242,1.0620577392578117,0.6579422607421881,0.5720577392578119,1
mp-20832_101,mp-20832,1.8234000244140625,1.6135001220703122,0.7973177490234367,0.9204104003906242,0.6930897216796881,0.5369102783203119,3
mp-20849_111,mp-20849,1.7453513183593747,1.7694907226562495,0.7253267822265617,0.7035372314453117,0.7035372314453117,0.5264627685546883,4
mp-20862_110,mp-20862,1.7651877441406247,1.7929892578124995,0.6634523925781242,0.7658083496093742,0.7658083496093742,0.4641916503906258,4
mp-20901_100,mp-20901,1.5464377441406247,1.7939658203124995,0.8855898437499992,1.2148439941406242,0.5051560058593756,0.7248439941406244,1
mp-20938_101,mp-20938,1.6064047851562495,1.5154318847656247,0.8532412109374992,0.8659365234374992,0.6494953613281256,0.5805046386718744,3
mp-2103_111,mp-2103,1.6239676513671872,1.9757437744140625,0.5239412841796867,0.8345339355468742,0.8345339355468742,0.3954660644531258,4
mp-21165_101,mp-21165,1.3560080566406247,1.9231162109375,0.5834047851562492,1.0254519042968742,0.6945480957031256,0.5354519042968744,1
mp-21215_110,mp-21215,1.2345633544921872,1.3340659179687495,0.5321352539062492,0.5525820312499992,0.5525820312499992,0.6774179687500008,4
mp-2168_010,mp-2168,2.267545227050781,1.6036505737304685,0.8601534423828117,0.9371798095703116,0.6664707641601569,0.563529235839843,3
mp-22003_110,mp-22003,2.2643332519531247,2.793599609375,0.5336611328124992,1.1867678222656242,0.5332321777343756,0.6967678222656244,1
mp-22309_100,mp-22309,1.5875144042968747,2.139302734375,0.7208559570312492,0.6913759765624992,0.6913759765624992,0.5386240234375008,4
mp-2231_001,mp-2231,2.26894140625,1.7637076416015622,0.8085939941406242,1.1911013183593742,0.5288986816406256,0.7011013183593744,1
mp-2242_001,mp-2242,1.7868552246093747,1.7129111328124995,0.6544802246093742,1.1541292724609369,0.5587818603515626,0.6712181396484374,3
mp-22693_001,mp-22693,2.2820029296875,2.1200766601562497,0.9331057128906242,1.0838320312499992,0.6361679687500006,0.5938320312499994,1
mp-22811_111,mp-22811,2.1912131347656247,2.1885886230468747,0.8823092041015617,0.5353853759765617,0.5353853759765617,0.6946146240234383,4
mp-2285_001,mp-2285,2.412412170410156,1.9660468139648437,1.1685335693359369,0.7986147460937492,0.7986147460937492,0.4313852539062508,4
mp-228_001,mp-228,2.2385764160156247,1.9786887207031247,1.0335695800781242,0.8619539794921867,0.8580460205078131,0.3719539794921869,1
mp-22945_100,mp-22945,2.52187109375,1.8557944335937495,1.1370852050781242,1.1830446777343742,0.5369553222656256,0.6930446777343744,1
mp-2302_111,mp-2302,1.9516196289062495,1.8748068847656247,0.9686739501953116,0.8011934814453117,0.8011934814453117,0.4288065185546883,4
mp-23152_001,mp-23152,1.4657492675781247,1.359647277832031,0.8150026855468742,0.8369829711914054,0.5226643066406256,0.7073356933593744,3
mp-23206_010,mp-23206,1.5718588867187495,1.8381552734375,0.6091005859374992,0.5416567382812492,0.5416567382812492,0.6883432617187508,4
mp-23408_001,mp-23408,2.116109375,1.879537109375,0.7187502441406242,1.0937502441406242,0.6262497558593756,0.6037502441406244,1
mp-23539_100,mp-23539,2.9756674804687497,3.015752319335937,0.7259218749999992,1.077934509277343,0.6420654907226568,0.5879345092773431,1
mp-24289_100,mp-24289,1.7443442382812495,2.5326743164062497,0.8150942382812492,0.8748171386718742,0.8451828613281256,0.3848171386718744,1
mp-2512_110,mp-2512,1.5272727050781247,1.6364035644531247,0.7893068847656242,0.6623537597656242,0.6623537597656242,0.5676462402343758,4
mp-2578_001,mp-2578,1.9377493896484368,1.7746634521484372,0.8931734619140617,0.8890535888671867,0.8309464111328131,0.3990535888671869,1
mp-2685_101,mp-2685,1.936032775878906,2.107480529785156,0.7991640624999992,0.8192751464843742,0.8192751464843742,0.4107248535156258,4
mp-2693_100,mp-2693,2.175961975097656,1.2965750732421872,0.5490267333984367,0.5957491455078117,0.5957491455078117,0.6342508544921883,4
mp-27369_001,mp-27369,1.7762351074218747,1.7731375732421872,0.8099978027343742,1.0026247558593742,0.7173752441406256,0.5126247558593744,1
mp-27532_001,mp-27532,2.1387534179687497,1.8518424072265625,0.9157106933593742,0.9563906249999992,0.7636093750000006,0.4663906249999994,1
mp-27677_101,mp-27677,1.7891287841796872,1.3954672851562495,0.7224886474609367,0.6147921142578117,0.6147921142578117,0.6152078857421883,4
mp-27749_100,mp-27749,1.5928702392578122,1.5454001464843747,0.5286562499999992,0.9776003417968742,0.5677998046875006,0.6622001953124994,3
mp-27852_110,mp-27852,2.090512756347656,2.1530089416503904,0.6278460083007804,0.6110994873046867,0.6110994873046867,0.6189005126953133,4
mp-28020_101,mp-28020,2.055806640625,2.724095825195312,0.6150820312499992,0.7309114990234367,0.7309114990234367,0.4990885009765633,4
mp-28108_110,mp-28108,1.6801657714843747,1.1720786132812495,0.9827425537109368,0.5663149414062492,0.5663149414062492,0.6636850585937508,4
mp-28270_001,mp-28270,2.1483969726562497,1.8024497070312495,0.9210665283203116,0.9238436279296868,0.7961563720703131,0.4338436279296869,1
mp-28334_100,mp-28334,2.1350913085937497,1.2034201660156247,1.0363466796874992,0.6333925781249992,0.5700275878906256,0.6599724121093744,3
mp-28383_010,mp-28383,1.8496832885742185,1.4424490966796872,0.7068407592773429,0.6920092163085929,0.6920092163085929,0.5379907836914071,4
mp-28595_010,mp-28595,1.9751410522460933,1.6702780761718747,0.6599886474609367,0.6940844116210929,0.6940844116210929,0.5359155883789071,4
mp-28773_001,mp-28773,1.7969870605468747,1.2269492187499995,0.9785769042968742,0.6865541992187492,0.5403950195312504,0.6896049804687496,3
mp-28877_101,mp-28877,1.5273795166015622,1.5037741699218747,0.6575319824218742,0.9750673828124992,0.5287067871093756,0.7012932128906244,3
mp-29168_100,mp-29168,2.3513999023437497,1.6592612304687495,0.5481646118164054,0.9553606567382804,0.7039005737304691,0.5260994262695309,3
mp-29238_011,mp-29238,1.8865866699218747,2.1115012207031247,0.8422091064453117,1.0469210205078117,0.6730789794921881,0.5569210205078119,1
mp-29362_101,mp-29362,3.1716208496093747,3.3308615722656247,0.6565859374999992,1.1153719482421869,0.6046280517578131,0.6253719482421869,1
mp-29419_110,mp-29419,2.0644888916015622,2.0306754150390622,1.1880648193359369,1.1785585937499992,0.5414414062500006,0.6885585937499994,1
mp-29428_111,mp-29428,2.0379233398437497,2.1902670898437497,1.1855928955078117,0.8717653808593742,0.8482346191406256,0.3817653808593744,1
mp-29841_100,mp-29841,1.5744528808593747,1.3379111328124995,0.5591433105468742,0.6493227539062492,0.6493227539062492,0.5806772460937508,4
mp-29988_100,mp-29988,2.589360717773437,2.8575949707031247,0.6216585693359367,0.6532290039062492,0.6532290039062492,0.5767709960937508,4
mp-3006_101,mp-3006,1.2534079589843747,1.7560019531249995,0.6583101806640617,0.6323397216796867,0.6323397216796867,0.5976602783203133,4
mp-30151_10-1,mp-30151,2.2226157226562497,1.9506888427734368,0.8919222412109367,1.1116182861328117,0.6083817138671881,0.6216182861328119,1
mp-3019_100,mp-3019,1.9706473388671872,1.7958273925781247,0.6629869995117179,0.5604784545898429,0.5604784545898429,0.6695215454101571,4
mp-30373_110,mp-30373,1.345914367675781,1.7090506591796872,0.5288088378906242,0.5160830078124992,0.5160830078124992,0.7139169921875008,4
mp-30461_001,mp-30461,1.4708151855468747,1.5187888183593747,0.5355227050781242,0.6049196777343742,0.6049196777343742,0.6250803222656258,4
mp-30463_001,mp-30463,1.6916403808593747,1.8239340820312495,0.8186647949218742,0.7677919921874992,0.7677919921874992,0.4622080078125008,4
mp-30464_001,mp-30464,1.5348105468749995,1.848775390625,0.5810244140624992,0.7567446289062492,0.7567446289062492,0.4732553710937508,4
mp-30853_001,mp-30853,1.3744711914062495,1.6670126953124995,0.8429873046874992,1.0392763671874992,0.6277363281250004,0.6022636718749996,3
mp-30856_111,mp-30856,1.2924399414062495,1.3236289062499995,0.6780092773437492,0.7293398437499992,0.5942890625000004,0.6357109374999996,3
mp-30931_110,mp-30931,1.9728140869140625,1.7366385498046872,1.0980989990234369,0.6165926513671867,0.6165926513671867,0.6134073486328133,4
mp-30971_001,mp-30971,2.4262900390625,2.0818686523437497,1.1523592529296869,1.2041781005859369,0.5158218994140631,0.7141781005859369,1
mp-31103_100,mp-31103,1.6839194335937495,1.8662009277343747,0.7805483398437492,0.7513430175781242,0.7513430175781242,0.4786569824218758,4
mp-31138_001,mp-31138,1.5222373046874995,1.5812583007812495,0.5552675781249992,0.7124941406249992,0.7124941406249992,0.5175058593750008,4
mp-31313_001,mp-31313,1.899533752441406,1.537900451660156,0.6855623779296867,0.7538225708007804,0.7538225708007804,0.47617742919921957,4
mp-31337_111,mp-31337,1.5536398925781247,1.6557059326171872,0.7157900390624992,0.6215059814453117,0.6215059814453117,0.6084940185546883,4
mp-3159_101,mp-3159,1.5057120361328122,1.4026236572265622,0.8887941894531242,0.7824251708984367,0.6201984863281256,0.6098015136718744,3
mp-3208_001,mp-3208,1.6733603515624995,1.6465964355468747,0.8632204589843742,0.5985415039062492,0.5985415039062492,0.6314584960937508,4
mp-32616_010,mp-32616,2.2271018066406247,2.0102744140625,0.7322695312499992,0.7829592285156242,0.7829592285156242,0.4470407714843758,4
mp-32811_010,mp-32811,2.0370993652343747,2.1140875854492185,0.6168978271484367,0.8174135742187492,0.8174135742187492,0.4125864257812508,4
mp-3291_010,mp-3291,1.8244147338867185,1.8192572631835933,0.5200960693359367,0.8995516357421867,0.8204483642578131,0.4095516357421869,1
mp-34292_001,mp-34292,1.7553916015624995,1.853574279785156,0.5331041870117179,0.8139956054687492,0.8139956054687492,0.4160043945312508,4
mp-34467_101,mp-34467,2.3196616210937497,2.145390991210937,0.8574068603515617,0.8601687011718742,0.8598312988281256,0.3701687011718744,1
mp-35015_100,mp-35015,2.2082114257812497,1.7863059082031247,0.7931063232421867,0.8290407714843742,0.8290407714843742,0.4009592285156258,4
mp-3534_001,mp-3534,1.6526312866210937,1.5282492675781247,0.9278490600585928,0.6581423339843742,0.6581423339843742,0.5718576660156258,4
mp-358_110,mp-358,1.5745768585205075,1.156726364135742,0.6240294036865226,0.6117422637939445,0.5449841003417975,0.6850158996582025,3
mp-362_101,mp-362,1.7199759521484372,1.7921958007812495,0.6535036621093742,0.8813021240234367,0.8386978759765631,0.3913021240234369,1
mp-36641_001,mp-36641,1.3219199218749995,1.4227499999999995,0.5854494628906242,0.6237032470703117,0.6237032470703117,0.6062967529296883,4
mp-36751_100,mp-36751,1.4181113281249995,1.2977805175781247,0.7543032226562492,0.6079409179687492,0.6079409179687492,0.6220590820312508,4
mp-3934_010,mp-3934,1.8357749023437495,1.9479575195312495,0.9342958984374992,1.1022036132812492,0.6177963867187506,0.6122036132812494,1
mp-3938_001,mp-3938,1.8128562011718747,1.5333762207031247,0.5775148925781242,0.5274355468749992,0.5274355468749992,0.7025644531250008,4
mp-399_001,mp-399,2.2386069335937497,2.0065512695312497,1.215721374511718,1.1890566406249992,0.5309433593750006,0.6990566406249994,1
mp-409_110,mp-409,1.6672873535156247,1.0802817382812495,0.6225130615234367,0.5195925292968742,0.5195925292968742,0.7104074707031258,4
mp-4252_011,mp-4252,2.1300559082031247,1.817037109375,0.5243227539062492,1.0080874023437492,0.7119125976562506,0.5180874023437494,1
mp-441_111,mp-441,2.776425842285156,1.7347617187499995,0.9102251586914054,1.0075686035156242,0.7124313964843756,0.5175686035156244,1
mp-4452_101,mp-4452,1.7752585449218747,1.942967895507812,1.0536196289062492,0.9852297363281242,0.7347702636718756,0.4952297363281244,1
mp-4647_100,mp-4647,1.8475546875,2.1570334472656247,0.5071108398437492,0.5025026855468742,0.5025026855468742,0.7274973144531258,4
mp-4721_100,mp-4721,2.110074523925781,2.1345038452148435,0.8556292114257804,1.002830749511718,0.7171692504882818,0.5128307495117181,1
mp-4876_111,mp-4876,1.7418417968749995,1.8572592773437495,0.5108034667968742,0.9191896972656242,0.8008103027343756,0.4291896972656244,1
mp-488_001,mp-488,1.9001822509765625,2.4871268310546872,0.6674349365234367,0.9590914306640616,0.7609085693359381,0.4690914306640619,1
mp-4909_100,mp-4909,1.6110739746093747,1.6399130859374995,0.6754763183593742,0.8581240234374992,0.7817890625000004,0.44821093749999963,3
mp-505297_111,mp-505297,1.7654318847656247,1.8076376953125,0.6021120605468742,0.5308535156249992,0.5308535156249992,0.6991464843750008,4
mp-510099_001,mp-510099,1.9436392822265625,1.7770743408203122,1.0153963623046869,0.7549440917968742,0.7549440917968742,0.4750559082031258,4
mp-5305_001,mp-5305,2.061421875,1.7889609374999995,0.8757937011718742,1.1039125976562492,0.6160874023437506,0.6139125976562494,1
mp-540619_010,mp-540619,2.102200988769531,1.553494934082031,0.5261309204101554,0.7156755981445304,0.7156755981445304,0.5143244018554696,4
mp-540687_001,mp-540687,1.5452475585937495,1.3580527343749995,0.6782229003906242,0.5190432128906242,0.5190432128906242,0.7109567871093758,4
mp-541021_111,mp-541021,1.6242575683593747,1.5137229003906247,0.9522097167968742,0.5390627441406242,0.5390627441406242,0.6909372558593758,4
mp-541180_001,mp-541180,2.2976279296875,2.0302939453125,1.1277163085937492,1.2131044921874992,0.5068955078125006,0.7231044921874994,1
mp-5414_110,mp-5414,1.7999472656249995,1.5484213867187495,0.6166079101562492,0.8983461914062492,0.6500751953125004,0.5799248046874996,3
mp-541687_100,mp-541687,2.0221304931640622,1.8154196777343747,1.0189821777343742,1.0244295654296869,0.6955704345703131,0.5344295654296869,1
mp-541689_011,mp-541689,2.0652365722656247,1.7981772460937495,0.9334414062499992,0.9396059570312492,0.7803940429687506,0.4496059570312494,1
mp-542106_010,mp-542106,1.4721884765624995,1.6413168945312495,0.6067202148437492,0.6957705078124992,0.6957705078124992,0.5342294921875008,4
mp-542642_10-1,mp-542642,2.2253928222656247,1.8533835449218747,0.5845491943359367,0.7892000732421867,0.7892000732421867,0.4407999267578133,4
mp-554921_11-1,mp-554921,1.8036246337890625,1.9106345214843747,0.6797182617187492,0.9790499267578116,0.7409500732421881,0.4890499267578119,1
mp-555269_010,mp-555269,2.0150961914062497,2.074849609375,0.7254946289062492,1.0336306152343742,0.6863693847656256,0.5436306152343744,1
mp-555853_001,mp-555853,1.6223654785156247,1.6848959960937495,0.8876040039062492,1.1019594726562492,0.5829365234375004,0.6470634765624996,3
mp-556516_001,mp-556516,2.2495322265625,2.0453696289062497,0.8507387695312492,0.8137819824218742,0.8137819824218742,0.4162180175781258,4
mp-557179_100,mp-557179,2.339116577148437,1.6874136962890622,1.0481264648437492,0.9911654052734368,0.6962482910156255,0.5337517089843745,3
mp-558378_110,mp-558378,1.7673544921874995,1.9263510742187495,0.5008852539062492,0.8213503417968742,0.8213503417968742,0.4086496582031258,4
mp-559676_010,mp-559676,2.2289633789062497,2.1606040039062497,0.7366640624999992,1.1708986816406242,0.5491013183593756,0.6808986816406244,1
mp-560370_10-1,mp-560370,1.9750876464843747,1.7817282714843747,0.6064455566406242,1.1430819091796869,0.5769180908203131,0.6530819091796869,1
mp-561639_001,mp-561639,2.0972342529296872,1.755643371582031,0.6108019409179679,1.2077791748046869,0.5122208251953131,0.7177791748046869,1
mp-564_100,mp-564,1.6407980957031247,2.0184226074218747,0.6751864013671867,0.9844362792968742,0.7355637207031256,0.4944362792968744,1
mp-567313_110,mp-567313,2.0041861572265622,1.7929129638671872,1.0711672363281242,1.0041658935546869,0.7158341064453131,0.5141658935546869,1
mp-567318_001,mp-567318,2.2321906127929685,2.0060935058593747,0.8022768554687492,0.9683992919921868,0.7516007080078131,0.4783992919921869,1
mp-567379_001,mp-567379,1.1996893920898437,1.6126456298828122,0.6671526489257804,0.7465670166015617,0.7465670166015617,0.4834329833984383,4
mp-567525_111,mp-567525,1.9589057006835933,1.904515747070312,0.8289568481445304,0.9022142944335928,0.8177857055664068,0.41221429443359314,1
mp-567597_100,mp-567597,1.577542785644531,1.5870108642578122,0.7095873413085929,0.6393892822265617,0.6393892822265617,0.5906107177734383,4
mp-568476_001,mp-568476,1.6331992187499995,1.8841452636718747,0.6681826171874992,0.6904299316406242,0.6904299316406242,0.5395700683593758,4
mp-568661_101,mp-568661,2.3852438964843747,1.9137320556640625,1.0087587890624992,0.8786318359374992,0.8413681640625006,0.3886318359374994,1
mp-568746_100,mp-568746,1.4755148925781247,1.2995352783203122,0.6318514404296867,0.5726625976562492,0.5726625976562492,0.6573374023437508,4
mp-569044_001,mp-569044,2.049169067382812,1.8096213378906247,1.073295837402343,0.901756530761718,0.8182434692382818,0.41175653076171814,1
mp-569272_001,mp-569272,2.0523123779296872,1.769162658691406,0.5692522583007804,0.7454836425781242,0.7454836425781242,0.4845163574218758,4
mp-569322_001,mp-569322,1.5063986816406247,1.6171622314453122,0.5569155273437492,0.5576021728515617,0.5576021728515617,0.6723978271484383,4
mp-569581_001,mp-569581,1.4116339721679685,1.7227301635742185,0.6283495483398429,0.6760485229492179,0.6760485229492179,0.5539514770507821,4
mp-569662_001,mp-569662,1.4421591796874995,1.7347617187499995,0.7710268554687492,0.9485170898437492,0.7714829101562506,0.4585170898437494,1
mp-569683_010,mp-569683,1.6392722167968747,1.836156372070312,0.6340487060546867,0.6882174072265617,0.6882174072265617,0.5417825927734383,4
mp-569727_001,mp-569727,1.5740866699218747,1.83925390625,0.6286013183593742,0.6759645996093742,0.6759645996093742,0.5540354003906258,4
mp-569785_111,mp-569785,1.5081076660156247,1.7880301513671872,0.5741732177734367,0.6932833251953117,0.6932833251953117,0.5367166748046883,4
mp-569813_001,mp-569813,1.9798026123046872,1.9845786132812495,0.8571627197265617,0.5615541992187492,0.5615541992187492,0.6684458007812508,4
mp-569824_11-1,mp-569824,2.167211059570312,1.5588736572265622,0.9983828124999992,0.9359896240234368,0.6228840332031255,0.6071159667968745,3
mp-569952_101,mp-569952,2.231420043945312,3.4466910400390622,0.7696688232421867,1.0576174316406242,0.6623825683593756,0.5676174316406244,1
mp-570370_011,mp-570370,1.6739707031249995,1.7862753906249995,0.6597292480468742,0.9675905761718742,0.7524094238281256,0.4775905761718744,1
mp-570459_100,mp-570459,1.8570456542968747,1.6968436279296872,1.1651766357421869,0.993675476074218,0.7031681518554692,0.5268318481445308,3
mp-570562_001,mp-570562,2.2912192382812497,2.1581473388671872,1.1391298828124992,1.2183077392578117,0.5016922607421881,0.7283077392578119,1
mp-570687_110,mp-570687,2.595220092773437,2.0930686035156247,0.5125887451171867,0.5567171630859367,0.5567171630859367,0.6732828369140633,4
mp-570858_010,mp-570858,2.7316412963867185,2.338193420410156,0.6207354125976554,0.6192019042968742,0.6192019042968742,0.6107980957031258,4
mp-571085_100,mp-571085,1.4951376953124995,1.736722473144531,0.6736757812499992,1.1491167602539054,0.5708832397460943,0.6591167602539056,1
mp-571383_100,mp-571383,1.5034995117187495,1.9915366210937495,0.6149904785156242,0.7338869628906242,0.7338869628906242,0.4961130371093758,4
mp-571486_001,mp-571486,1.9187064208984368,2.4596610107421872,0.6600039062499992,0.9801638183593742,0.7398361816406256,0.4901638183593744,1
mp-571547_110,mp-571547,1.6185355224609372,1.6859259643554685,0.5981752929687492,0.8269045410156242,0.8269045410156242,0.4030954589843758,4
mp-573145_001,mp-573145,1.8774313964843747,1.7829184570312495,1.1759035644531242,1.0508425292968742,0.6691574707031256,0.5608425292968744,1
mp-573891_100,mp-573891,2.0749716796875,1.8944754638671872,0.7910006103515617,0.6887819824218742,0.6887819824218742,0.5412180175781258,4
mp-574599_100,mp-574599,2.239316467285156,1.8947882690429685,0.5456621704101554,0.8662798461914054,0.8537201538085943,0.37627984619140564,1
mp-5818_011,mp-5818,2.0238547363281247,1.904630187988281,0.8857882080078117,1.143730407714843,0.5762695922851568,0.6537304077148431,1
mp-5874_001,mp-5874,1.8760123291015625,1.795426849365234,0.7338335571289054,0.7648661193847648,0.7648661193847648,0.4651338806152352,4
mp-605028_010,mp-605028,1.7197318115234372,2.0940756835937497,0.5683291015624992,0.6708223876953117,0.6708223876953117,0.5591776123046883,4
mp-607818_001,mp-607818,1.5070090332031247,1.5593771972656247,0.5857546386718742,0.7966616210937492,0.7627155761718756,0.4672844238281244,3
mp-611_100,mp-611,1.4988608398437495,1.4423117675781247,0.6290743408203117,0.5297854003906242,0.5297854003906242,0.7002145996093758,4
mp-613_110,mp-613,1.7999472656249995,2.1107993164062497,0.8283236083984367,1.1389772949218742,0.5810227050781256,0.6489772949218744,1
mp-616204_001,mp-616204,3.5811286010742185,3.2384772338867185,1.029869323730468,1.1405031738281242,0.5794968261718756,0.6505031738281244,1
mp-628773_010,mp-628773,2.213864807128906,1.341947082519531,0.6313860473632804,0.8354418334960929,0.5065052490234381,0.7234947509765619,3
mp-632286_011,mp-632286,1.4180808105468747,1.4572043457031247,0.5905306396484367,0.5420076904296867,0.5420076904296867,0.6879923095703133,4
mp-638061_010,mp-638061,3.072148803710937,2.752660278320312,1.0066378173828117,0.8724367675781242,0.8475632324218756,0.3824367675781244,1
mp-643273_010,mp-643273,1.4909262695312495,1.3377890624999995,0.8698732910156242,0.6946108398437492,0.6431782226562504,0.5868217773437496,3
mp-644883_001,mp-644883,2.1399130859375,2.214452270507812,1.1334230957031242,0.9128878173828116,0.8071121826171881,0.4228878173828119,1
mp-646102_101,mp-646102,1.8994040527343747,1.4677176513671872,1.1259157714843742,0.6151278076171867,0.6151278076171867,0.6148721923828133,4
mp-650442_011,mp-650442,1.9810614624023437,1.891812805175781,0.5930101928710929,0.6278917846679679,0.6278917846679679,0.6021082153320321,4
mp-669311_110,mp-669311,2.0264029541015622,1.9063010253906247,1.0501864013671869,0.7877962646484367,0.7877962646484367,0.4422037353515633,4
mp-669566_001,mp-669566,2.4406943359375,2.4823813476562497,0.9541323242187492,0.8872988281249992,0.8327011718750006,0.3972988281249994,1
mp-672706_011,mp-672706,2.578755859375,1.6958823242187495,0.9854433593749992,0.7084353027343742,0.7084353027343742,0.5215646972656258,4
mp-673633_010,mp-673633,2.2125754394531247,1.9177756347656247,1.2073977050781242,0.9861452636718742,0.7338547363281256,0.4961452636718744,1
mp-675325_101,mp-675325,2.3997244873046872,2.5518240966796872,0.8327944335937492,0.6643068847656242,0.6643068847656242,0.5656931152343758,4
mp-675626_111,mp-675626,1.296964172363281,1.652005676269531,0.7441713867187492,0.7859041748046867,0.7859041748046867,0.4440958251953133,4
mp-675880_100,mp-675880,1.6272940673828122,1.4854483642578122,0.9654696044921868,0.5778963623046867,0.5778963623046867,0.6521036376953133,4
mp-675989_001,mp-675989,2.08144140625,1.9958090820312495,0.6536867675781242,1.0568544921874992,0.6631455078125006,0.5668544921874994,1
mp-676274_110,mp-676274,2.312039855957031,2.1850028076171872,0.8647768554687492,0.994468933105468,0.7255310668945318,0.5044689331054681,1
mp-676348_1-10,mp-676348,2.0686240234375,2.0559897460937497,0.6258852539062492,0.6867983398437492,0.6867983398437492,0.5432016601562508,4
mp-676540_100,mp-676540,1.9453482666015625,1.8206229248046872,0.9402620849609368,1.2046206054687492,0.5153793945312506,0.7146206054687494,1
mp-680731_10-1,mp-680731,1.8358511962890625,1.4224753417968747,0.8271639404296867,0.7562105712890617,0.6662647705078131,0.5637352294921869,3
mp-684798_010,mp-684798,2.298341278076172,2.245206359863281,0.8925097045898429,0.8321726379394523,0.8321726379394523,0.3978273620605477,4
mp-685022_111,mp-685022,1.7536520996093747,1.725461486816406,0.8054659423828117,0.6076510009765617,0.6076510009765617,0.6223489990234383,4
mp-685969_111,mp-685969,2.067143920898437,1.721189025878906,0.5454409179687492,0.8958208618164054,0.8241791381835943,0.40582086181640564,1
mp-686717_01-1,mp-686717,1.5086264648437495,1.9979453125,0.7910769042968742,1.1706850585937492,0.5493149414062506,0.6806850585937494,1
mp-691_001,mp-691,2.137822631835937,1.85976171875,0.8658373413085929,1.025657897949218,0.6943421020507818,0.5356578979492181,1
mp-6973_001,mp-6973,1.8884787597656247,1.7551932373046872,0.7722933349609367,0.9545214233398428,0.7654785766601568,0.46452142333984314,1
mp-700_001,mp-700,1.8491568603515625,1.6321158447265622,0.6055300292968742,0.8315737304687492,0.8005421142578131,0.4294578857421869,3
mp-7077_010,mp-7077,2.0597739257812497,1.5990805664062495,0.6012880859374992,0.6074831542968742,0.6074831542968742,0.6225168457031258,4
mp-718_111,mp-718,1.4894614257812495,1.5775046386718747,0.7010805664062492,0.6307070312499992,0.6307070312499992,0.5992929687500008,4
mp-7459_001,mp-7459,2.01259375,2.096578125,0.9891970214843742,1.0356142578124992,0.6843857421875006,0.5456142578124994,1
mp-7494_100,mp-7494,1.9898123779296872,1.5989432373046872,0.9231569824218742,0.7197725830078117,0.7197725830078117,0.5102274169921883,4
mp-753921_001,mp-753921,2.00624609375,1.5590109863281247,0.8936770019531242,0.5904848632812492,0.5904848632812492,0.6395151367187508,4
mp-754_100,mp-754,1.7758383789062495,1.7868247070312495,0.6358339843749992,0.7814333496093742,0.7814333496093742,0.4485666503906258,4
mp-767208_010,mp-767208,1.6991019287109372,1.7765250244140622,0.5923159179687492,0.6671907958984367,0.6671907958984367,0.5628092041015633,4
mp-767469_111,mp-767469,1.2574362792968747,1.4570517578124995,0.6069033203124992,0.5533754882812492,0.5533754882812492,0.6766245117187508,4
mp-7684_101,mp-7684,1.9463400878906247,1.8009390869140622,0.7745668945312492,1.1772310791015617,0.5427689208984381,0.6872310791015619,1
mp-773980_1-1-1,mp-773980,2.4987692871093747,2.1930441894531247,0.9376223144531242,0.8269045410156242,0.8269045410156242,0.4030954589843758,4
mp-7785_101,mp-7785,1.7007346191406247,1.635037902832031,0.6415941772460929,0.6917192993164054,0.6917192993164054,0.5382807006835946,4
mp-7818_110,mp-7818,1.9825339355468747,2.3280539550781247,0.6350405273437492,0.9470522460937492,0.7729477539062506,0.4570522460937494,1
mp-7823_100,mp-7823,2.0880026855468747,2.0541281738281247,1.0461428222656242,1.0426333007812492,0.6773666992187506,0.5526333007812494,1
mp-782_001,mp-782,2.0211005249023435,1.927587036132812,1.0928118286132804,0.929039245605468,0.7909607543945318,0.43903924560546814,1
mp-7937_001,mp-7937,2.0747275390625,2.0313620605468747,1.1236269531249992,1.1418459472656242,0.5781540527343756,0.6518459472656244,1
mp-8041_111,mp-8041,1.989163879394531,1.5933127441406247,0.9551775512695304,0.7451860961914054,0.7451860961914054,0.48481390380859457,4
mp-8073_010,mp-8073,1.3979086914062495,1.4872031249999995,0.6498110351562492,0.5962221679687492,0.5962221679687492,0.6337778320312508,4
mp-8257_001,mp-8257,2.2958273925781247,1.6982626953124995,0.7839205322265617,0.9729006347656242,0.7253620605468754,0.5046379394531246,3
mp-830_110,mp-830,2.5668540039062497,2.4080405273437497,0.7471010742187492,0.7908022460937492,0.7908022460937492,0.4391977539062508,4
mp-8361_001,mp-8361,1.665250305175781,1.2666373291015622,0.5846331176757804,0.6835329589843742,0.5831043701171881,0.6468956298828119,3
mp-8426_111,mp-8426,2.2600455322265622,1.694242004394531,1.2122347412109369,0.8630068359374992,0.8312351684570318,0.39876483154296816,3
mp-861501_110,mp-861501,2.0377554931640622,2.0791373291015622,0.9101259765624992,0.8401339111328117,0.8401339111328117,0.3898660888671883,4
mp-863720_111,mp-863720,1.7137045898437495,1.5317740478515622,0.7880098876953117,0.7428438720703117,0.7428438720703117,0.4871561279296883,4
mp-863750_111,mp-863750,2.175054077148437,2.3339972534179685,1.0464022216796869,1.1713564453124992,0.5486435546875006,0.6813564453124994,1
mp-865144_001,mp-865144,1.895848754882812,1.9849448242187495,0.8305056152343742,0.9138186035156242,0.8061813964843756,0.4238186035156244,1
mp-865166_010,mp-865166,1.1852011718749995,1.3238120117187495,0.6318361816406242,0.6299746093749992,0.6299746093749992,0.6000253906250008,4
mp-865232_110,mp-865232,2.038793090820312,1.9607596435546872,0.9370882568359368,0.8203280029296867,0.8203280029296867,0.4096719970703133,4
mp-8658_001,mp-8658,2.009809020996093,2.141232971191406,0.8711321411132804,1.0973818359374992,0.6226181640625006,0.6073818359374994,1
mp-867260_110,mp-867260,1.5304465332031247,1.9365897216796872,0.5588076171874992,0.6109163818359367,0.6109163818359367,0.6190836181640633,4
mp-867303_111,mp-867303,2.156522277832031,2.3233771362304685,1.0713656005859369,1.1783297119140617,0.5416702880859381,0.6883297119140619,1
mp-8675_100,mp-8675,2.0679221191406247,2.3214926757812497,0.7648928222656242,0.8767550048828117,0.8432449951171881,0.3867550048828119,1
mp-8755_010,mp-8755,1.8839659729003904,1.484475616455078,0.655193572998046,0.6749155578613273,0.6749155578613273,0.5550844421386727,4
mp-8799_001,mp-8799,2.122342590332031,1.8590445556640625,0.9022142944335928,1.1348345336914054,0.5851654663085943,0.6448345336914056,1
mp-8884_100,mp-8884,1.9689383544921872,1.770932678222656,0.7532961425781242,1.208885437011718,0.5111145629882818,0.7188854370117181,1
mp-8911_010,mp-8911,2.2829184570312497,2.2925162353515622,0.5520479736328117,0.6681063232421867,0.6681063232421867,0.5618936767578133,4
mp-8936_001,mp-8936,2.329080108642578,2.2102866210937497,0.8748819885253898,0.9861528930664054,0.7338471069335943,0.49615289306640564,1
mp-9063_110,mp-9063,1.8531851806640625,1.6736044921874995,0.7801821289062492,0.8293459472656242,0.8293459472656242,0.4006540527343758,4
mp-9251_001,mp-9251,2.010259155273437,1.874722961425781,1.1138994750976554,1.197014099121093,0.5229859008789068,0.7070140991210931,1
mp-936_110,mp-936,1.8091635742187495,1.7980170288085937,0.9411509094238272,0.7508013305664054,0.7508013305664054,0.47919866943359457,4
mp-938_001,mp-938,1.5053229370117185,1.5306143798828122,0.7329332885742179,0.6216204223632804,0.6216204223632804,0.6083795776367196,4
mp-9462_001,mp-9462,1.7133688964843747,1.4941000976562495,1.0556185302734369,0.8497011718749992,0.6443989257812504,0.5856010742187496,3
mp-94_001,mp-94,1.26133585357666,1.2430872955322263,0.5499489364624015,0.5632078704833976,0.5632078704833976,0.6667921295166024,4
mp-9576_100,mp-9576,2.1723837890625,1.5753836669921872,0.7191469726562492,0.8977968749999992,0.6775867919921881,0.5524132080078119,3
mp-9579_100,mp-9579,2.1916861572265622,1.1323905029296872,1.0629427490234369,0.5676806030273429,0.5647098999023443,0.6652901000976557,3
mp-973839_111,mp-973839,2.0875754394531247,2.263066772460937,0.8215181884765617,0.9675295410156242,0.7524704589843756,0.4775295410156244,1
mp-977129_100,mp-977129,1.6803031005859372,1.6418662109374995,0.8111116943359367,0.9866182861328116,0.655247924804688,0.574752075195312,3
mp-977383_110,mp-977383,1.6543936767578122,1.8426108398437495,0.5769350585937492,0.5845644531249992,0.5845644531249992,0.6454355468750008,4
mp-977454_110,mp-977454,2.2052817382812497,2.4412283935546872,1.1332552490234369,1.1609346923828117,0.5590653076171881,0.6709346923828119,1
mp-9782_001,mp-9782,1.9795355834960933,1.997006896972656,0.5121691284179679,0.6417543945312492,0.6417543945312492,0.5882456054687508,4
mp-9798_10-1,mp-9798,2.0457053222656247,1.6849722900390622,0.8529207763671867,1.1314699707031242,0.5535023193359381,0.6764976806640619,3
mp-9814_111,mp-9814,1.879613403320312,1.912625793457031,1.2191164550781242,1.039238220214843,0.6807617797851568,0.5492382202148431,1
mp-983_100,mp-983,1.8881125488281247,1.8430380859375,0.7823793945312492,0.6989443359374992,0.6989443359374992,0.5310556640625008,4
mp-985443_111,mp-985443,1.9773306884765625,2.059003356933593,0.5211184082031242,0.6342089233398429,0.6342089233398429,0.5957910766601571,4
mp-9881_010,mp-9881,2.5022330322265622,2.077397827148437,0.5761110839843742,0.6397097167968742,0.6397097167968742,0.5902902832031258,4
mp-989617_010,mp-989617,2.192525390625,1.3689169921874995,0.8608095703124992,0.5965273437499992,0.5965273437499992,0.6334726562500008,4
mp-989737_001,mp-989737,2.4411826171875,2.125707153320312,0.8785860595703117,0.7080080566406242,0.7080080566406242,0.5219919433593758,4
mp-998535_111,mp-998535,3.1917166748046872,1.7385458984374995,1.1813509521484369,1.1225740966796869,0.5974259033203131,0.6325740966796869,1
mp-998743_001,mp-998743,1.5238852539062495,2.1339850463867185,0.6192019042968742,1.040153747558593,0.6798462524414068,0.5501537475585931,1
mp-999298_111,mp-999298,1.4230551757812495,1.3915915527343747,0.6863405761718742,0.8134768066406242,0.5781147460937506,0.6518852539062494,3
mp-999549_001,mp-999549,1.1898093261718747,2.4587302246093747,0.6577761230468742,1.0954592285156242,0.6245407714843756,0.6054592285156244,1
mvc-13133_101,mvc-13133,1.6531882324218747,1.9587607421875,0.7351992187499992,0.9001925048828117,0.8198074951171881,0.4101925048828119,1
mvc-13140_101,mvc-13140,1.7872977294921872,1.8380026855468747,0.9239046630859368,0.9019472656249992,0.8180527343750006,0.4119472656249994,1
mvc-16033_001,mvc-16033,1.8301596679687495,2.0940756835937497,0.5731508789062492,1.0052187499999992,0.7147812500000006,0.5152187499999994,1
